{
	"training_example_1" : 	{
		"output" : [ 0.430581301450729, 0.756272435188293, 0.701990604400635 ],
		"input" : [ -0.032258063554764, -0.118279568850994, -0.139784947037697, -0.268817216157913, -0.397849470376968, -1.0 ]
	}
,
	"training_example_2" : 	{
		"output" : [ 0.430581301450729, 0.756272435188293, 0.701990604400635 ],
		"input" : [ -0.032258063554764, -0.118279568850994, -0.139784947037697, -0.268817216157913, -0.397849470376968, -1.0 ]
	}
,
	"training_example_3" : 	{
		"output" : [ 0.430581301450729, 0.756272435188293, 0.701990604400635 ],
		"input" : [ -0.032258063554764, -0.118279568850994, -0.139784947037697, -0.268817216157913, -0.397849470376968, -1.0 ]
	}
,
	"training_example_4" : 	{
		"output" : [ 0.430581301450729, 0.756272435188293, 0.701990604400635 ],
		"input" : [ -0.032258063554764, -0.118279568850994, -0.139784947037697, -0.268817216157913, -0.397849470376968, -1.0 ]
	}
,
	"training_example_5" : 	{
		"output" : [ 0.430581301450729, 0.756272435188293, 0.701990604400635 ],
		"input" : [ -0.032258063554764, -0.118279568850994, -0.139784947037697, -0.268817216157913, -0.397849470376968, -1.0 ]
	}
,
	"training_example_6" : 	{
		"output" : [ 0.430581301450729, 0.756272435188293, 0.701990604400635 ],
		"input" : [ -0.032258063554764, -0.118279568850994, -0.139784947037697, -0.268817216157913, -0.397849470376968, -1.0 ]
	}
,
	"training_example_7" : 	{
		"output" : [ 0.430581301450729, 0.756272435188293, 0.701990604400635 ],
		"input" : [ -0.032258063554764, -0.118279568850994, -0.139784947037697, -0.268817216157913, -0.397849470376968, -1.0 ]
	}
,
	"training_example_8" : 	{
		"output" : [ 0.430581301450729, 0.756272435188293, 0.701990604400635 ],
		"input" : [ -0.032258063554764, -0.118279568850994, -0.139784947037697, -0.268817216157913, -0.397849470376968, -1.0 ]
	}
,
	"training_example_9" : 	{
		"output" : [ 0.430581301450729, 0.756272435188293, 0.701990604400635 ],
		"input" : [ -0.032258063554764, -0.118279568850994, -0.139784947037697, -0.268817216157913, -0.397849470376968, -1.0 ]
	}
,
	"training_example_10" : 	{
		"output" : [ 0.430581301450729, 0.756272435188293, 0.701990604400635 ],
		"input" : [ -0.032258063554764, -0.118279568850994, -0.139784947037697, -0.268817216157913, -0.397849470376968, -1.0 ]
	}
,
	"training_example_11" : 	{
		"output" : [ 0.430581301450729, 0.756272435188293, 0.701990604400635 ],
		"input" : [ -0.032258063554764, -0.118279568850994, -0.139784947037697, -0.268817216157913, -0.397849470376968, -1.0 ]
	}
,
	"training_example_12" : 	{
		"output" : [ 0.430581301450729, 0.756272435188293, 0.701990604400635 ],
		"input" : [ -0.032258063554764, -0.118279568850994, -0.139784947037697, -0.268817216157913, -0.397849470376968, -1.0 ]
	}
,
	"training_example_13" : 	{
		"output" : [ 0.430581301450729, 0.756272435188293, 0.701990604400635 ],
		"input" : [ -0.032258063554764, -0.118279568850994, -0.139784947037697, -0.268817216157913, -0.397849470376968, -1.0 ]
	}
,
	"training_example_14" : 	{
		"output" : [ 0.430581301450729, 0.756272435188293, 0.701990604400635 ],
		"input" : [ -0.032258063554764, -0.118279568850994, -0.139784947037697, -0.268817216157913, -0.397849470376968, -1.0 ]
	}
,
	"training_example_15" : 	{
		"output" : [ 0.430581301450729, 0.756272435188293, 0.701990604400635 ],
		"input" : [ -0.032258063554764, -0.118279568850994, -0.139784947037697, -0.268817216157913, -0.397849470376968, -1.0 ]
	}
,
	"training_example_16" : 	{
		"output" : [ 0.430581301450729, 0.756272435188293, 0.701990604400635 ],
		"input" : [ -0.032258063554764, -0.118279568850994, -0.139784947037697, -0.268817216157913, -0.397849470376968, -1.0 ]
	}
,
	"training_example_17" : 	{
		"output" : [ 0.430581301450729, 0.756272435188293, 0.701990604400635 ],
		"input" : [ -0.032258063554764, -0.118279568850994, -0.139784947037697, -0.268817216157913, -0.397849470376968, -1.0 ]
	}
,
	"training_example_18" : 	{
		"output" : [ 0.430581301450729, 0.756272435188293, 0.701990604400635 ],
		"input" : [ -0.032258063554764, -0.118279568850994, -0.139784947037697, -0.268817216157913, -0.397849470376968, -1.0 ]
	}
,
	"training_example_19" : 	{
		"output" : [ 0.430581301450729, 0.756272435188293, 0.701990604400635 ],
		"input" : [ -0.032258063554764, -0.118279568850994, -0.139784947037697, -0.268817216157913, -0.397849470376968, -1.0 ]
	}
,
	"training_example_20" : 	{
		"output" : [ 0.430581301450729, 0.756272435188293, 0.701990604400635 ],
		"input" : [ -0.032258063554764, -0.118279568850994, -0.139784947037697, -0.268817216157913, -0.397849470376968, -1.0 ]
	}
,
	"training_example_21" : 	{
		"output" : [ 1.0, 0.213453903794289, 0.756272435188293 ],
		"input" : [ -1.0, -0.956989228725433, -0.677419364452362, -0.139784947037697, 0.397849470376968, 0.462365597486496 ]
	}
,
	"training_example_22" : 	{
		"output" : [ 1.0, 0.213453903794289, 0.756272435188293 ],
		"input" : [ -1.0, -0.956989228725433, -0.677419364452362, -0.139784947037697, 0.397849470376968, 0.462365597486496 ]
	}
,
	"training_example_23" : 	{
		"output" : [ 1.0, 0.213453903794289, 0.756272435188293 ],
		"input" : [ -1.0, -0.956989228725433, -0.677419364452362, -0.139784947037697, 0.397849470376968, 0.462365597486496 ]
	}
,
	"training_example_24" : 	{
		"output" : [ 1.0, 0.213453903794289, 0.756272435188293 ],
		"input" : [ -1.0, -0.956989228725433, -0.677419364452362, -0.139784947037697, 0.397849470376968, 0.462365597486496 ]
	}
,
	"training_example_25" : 	{
		"output" : [ 1.0, 0.213453903794289, 0.756272435188293 ],
		"input" : [ -1.0, -0.956989228725433, -0.677419364452362, -0.139784947037697, 0.397849470376968, 0.462365597486496 ]
	}
,
	"training_example_26" : 	{
		"output" : [ 1.0, 0.213453903794289, 0.756272435188293 ],
		"input" : [ -1.0, -0.956989228725433, -0.677419364452362, -0.139784947037697, 0.397849470376968, 0.462365597486496 ]
	}
,
	"training_example_27" : 	{
		"output" : [ 1.0, 0.213453903794289, 0.756272435188293 ],
		"input" : [ -1.0, -0.956989228725433, -0.677419364452362, -0.139784947037697, 0.397849470376968, 0.462365597486496 ]
	}
,
	"training_example_28" : 	{
		"output" : [ 1.0, 0.213453903794289, 0.756272435188293 ],
		"input" : [ -1.0, -0.956989228725433, -0.677419364452362, -0.139784947037697, 0.397849470376968, 0.462365597486496 ]
	}
,
	"training_example_29" : 	{
		"output" : [ 1.0, 0.213453903794289, 0.756272435188293 ],
		"input" : [ -1.0, -0.956989228725433, -0.677419364452362, -0.139784947037697, 0.397849470376968, 0.462365597486496 ]
	}
,
	"training_example_30" : 	{
		"output" : [ 1.0, 0.213453903794289, 0.756272435188293 ],
		"input" : [ -1.0, -0.956989228725433, -0.677419364452362, -0.139784947037697, 0.397849470376968, 0.462365597486496 ]
	}
,
	"training_example_31" : 	{
		"output" : [ 1.0, 0.213453903794289, 0.756272435188293 ],
		"input" : [ -1.0, -0.956989228725433, -0.677419364452362, -0.139784947037697, 0.397849470376968, 0.462365597486496 ]
	}
,
	"training_example_32" : 	{
		"output" : [ 1.0, 0.213453903794289, 0.756272435188293 ],
		"input" : [ -1.0, -0.956989228725433, -0.677419364452362, -0.139784947037697, 0.397849470376968, 0.462365597486496 ]
	}
,
	"training_example_33" : 	{
		"output" : [ 1.0, 0.213453903794289, 0.756272435188293 ],
		"input" : [ -1.0, -0.956989228725433, -0.677419364452362, -0.139784947037697, 0.397849470376968, 0.462365597486496 ]
	}
,
	"training_example_34" : 	{
		"output" : [ 1.0, 0.213453903794289, 0.756272435188293 ],
		"input" : [ -1.0, -0.956989228725433, -0.677419364452362, -0.139784947037697, 0.397849470376968, 0.462365597486496 ]
	}
,
	"training_example_35" : 	{
		"output" : [ 1.0, 0.213453903794289, 0.756272435188293 ],
		"input" : [ -1.0, -0.956989228725433, -0.677419364452362, -0.139784947037697, 0.397849470376968, 0.462365597486496 ]
	}
,
	"training_example_36" : 	{
		"output" : [ 1.0, 0.213453903794289, 0.756272435188293 ],
		"input" : [ -1.0, -0.956989228725433, -0.677419364452362, -0.139784947037697, 0.397849470376968, 0.462365597486496 ]
	}
,